{"cameraMode":{"drawMode":0,"name":"Shaded","section":"Shading Mode"},"sceneLighting":false,"audioPlay":false,"sceneViewState":{"m_AlwaysRefresh":false,"showFog":true,"showSkybox":true,"showFlares":true,"showImageEffects":true,"showParticleSystems":true,"showVisualEffectGraphs":true,"m_FxEnabled":false},"in2DMode":false,"pivot":{"x":13.950530052185059,"y":-526.9066162109375,"z":951.2557983398438},"rotation":{"x":-0.24544109404087068,"y":-0.003312524640932679,"z":0.0008267417433671653,"w":-0.9694086313247681},"size":460.3807678222656,"orthographic":false}