{"cameraMode":{"drawMode":0,"name":"Shaded","section":"Shading Mode"},"sceneLighting":false,"audioPlay":false,"sceneViewState":{"m_AlwaysRefresh":false,"showFog":true,"showSkybox":false,"showFlares":true,"showImageEffects":true,"showParticleSystems":true,"showVisualEffectGraphs":true,"m_FxEnabled":true},"in2DMode":false,"pivot":{"x":9.281426429748536,"y":0.6892141103744507,"z":-10.520631790161133},"rotation":{"x":0.010488091967999936,"y":-0.9531592130661011,"z":0.03318439796566963,"w":0.3005189001560211},"size":0.15427671372890473,"orthographic":false}