{"cameraMode":{"drawMode":0,"name":"Shaded","section":"Shading Mode"},"sceneLighting":false,"audioPlay":false,"sceneViewState":{"m_AlwaysRefresh":false,"showFog":true,"showSkybox":false,"showFlares":true,"showImageEffects":true,"showParticleSystems":true,"showVisualEffectGraphs":true,"m_FxEnabled":true},"in2DMode":false,"pivot":{"x":34.45000076293945,"y":18.764240264892579,"z":26.43000030517578},"rotation":{"x":-0.27698367834091189,"y":0.03197142854332924,"z":-0.009226645343005658,"w":-0.9603130221366882},"size":8.005133628845215,"orthographic":false}